countries,Region,Happiness.Rank,Happiness.Score,Lower.Confidence.Interval,Upper.Confidence.Interval,Economy..GDP.per.Capita.,Family,Health..Life.Expectancy.,Freedom,Trust..Government.Corruption.,Generosity,Dystopia.Residual,ISO_code,year,region,pf_rol,pf_ss,pf_movement,pf_religion,pf_association,pf_expression,pf_identity,ef_government,ef_legal,ef_money,ef_trade,ef_regulation,pf_score,pf_rank,ef_score,ef_rank,hf_score,hf_rank,hf_quartile
Albania,Central and Eastern Europe,109,4.655,4.546,4.764,0.9553,0.50163,0.73007,0.31866,0.05301,0.1684,1.92816,ALB,2016,Eastern Europe,5.291751647,8.80680981,6.666666667,9.192592593,10,8.607142857,6.25,7.935563809,5.071813726,9.55365739,8.21489951,6.906901139,7.596280576,57,7.54,34,7.568140288,48,2
Algeria,Middle East and Northern Africa,38,6.355,6.227,6.483,1.05266,0.83309,0.61804,0.21006,0.16157,0.07044,3.40904,DZA,2016,Middle East & North Africa,3.819566026,8.043882199,5,4.944814815,5,7.380952381,0.833333333,3.616782254,4.690742835,7.253893581,4.127024824,5.268992397,5.281772109,147,4.99,159,5.135886055,155,4
Angola,Sub-Saharan Africa,141,3.866,3.753,3.979,0.84731,0.66366,0.04991,0.00589,0.08434,0.12071,2.09459,AGO,2016,Sub-Saharan Africa,3.451813885,8.297864524,5,8.786666667,4,6.452380952,7.5,6.496684826,2.963635116,5.606605364,5.264754044,5.518500441,6.111324364,117,5.17,155,5.640662182,142,4
Argentina,Latin America and Caribbean,26,6.65,6.56,6.74,1.15137,1.06612,0.69711,0.42284,0.07296,0.10989,3.12985,ARG,2016,Latin America & the Caribbean,5.744791027,9.040383237,10,7.795925926,7.5,8.738095238,10,5.346056135,3.904030401,5.614335974,3.982546906,5.369018774,8.099695682,42,4.84,160,6.469847841,107,3
Armenia,Central and Eastern Europe,121,4.36,4.266,4.454,0.86086,0.62477,0.64083,0.14037,0.03616,0.07793,1.97864,ARM,2016,Caucasus & Central Asia,5.003205353,8.830548737,6.666666667,6.222222222,6.5,7.154761905,8,7.003309536,5.809214965,9.521939951,8.143241004,7.378068688,6.912803602,84,7.57,29,7.241401801,57,2
Australia,Australia and New Zealand,9,7.313,7.241,7.385,1.44443,1.10476,0.8512,0.56837,0.32331,0.47407,2.5465,AUS,2016,Oceania,7.77627878,9.873961805,10,9.075925926,10,9.392857143,9.25,6.544178144,7.919018594,9.452540278,7.526720988,8.465525923,9.184438453,11,7.98,10,8.582219227,4,1
Austria,Western Europe,12,7.119,7.045,7.193,1.45038,1.08383,0.80565,0.54355,0.21348,0.32865,2.69343,AUT,2016,Western Europe,8.171748815,9.91263738,10,7.925185185,10,9.333333333,10,5.086294924,7.915986905,9.432829777,8.106732583,7.371334189,9.246948401,8,7.58,27,8.4134742,16,1
Azerbaijan,Central and Eastern Europe,81,5.291,5.226,5.356,1.12373,0.76042,0.54504,0.35327,0.17914,0.0564,2.2735,AZE,2016,Caucasus & Central Asia,4.270861177,8.667523503,5,5.461111111,3,4.70846197,6.25,5.175449013,5.652732259,7.513486983,7.216524628,6.874879541,5.676553478,131,6.49,106,6.083276739,130,4
Bahrain,Middle East and Northern Africa,42,6.218,6.128,6.308,1.44024,0.94397,0.65696,0.47375,0.25772,0.17147,2.27405,BHR,2016,Middle East & North Africa,5.900338722,8.006967709,6.666666667,7.461481481,5,4.130952381,3.333333333,8.317484908,5.265601627,9.404353401,7.403403472,7.415786274,6.136069994,114,7.56,30,6.848034997,75,2
Bangladesh,Southern Asia,110,4.643,4.56,4.726,0.54177,0.24749,0.52989,0.39778,0.12583,0.19132,2.60904,BGD,2016,South Asia,3.132892486,7.587379567,5,5.933333333,7,7.041990115,1.25,8.545118177,3.234259181,6.983616746,6.039372579,6.690103383,5.302600358,146,6.3,120,5.801300179,138,4
Belarus,Central and Eastern Europe,61,5.802,5.723,5.881,1.13062,1.04993,0.63104,0.29091,0.17457,0.13942,2.38582,BLR,2016,Eastern Europe,5.128924941,9.188711522,3.333333333,5.153333333,2.5,5.80952381,8,6.761446145,5.525957318,5.332776772,7.175739042,6.37724484,6.059028163,120,6.23,123,6.144514082,128,4
Belgium,Western Europe,18,6.929,6.861,6.997,1.42539,1.05249,0.81959,0.51354,0.26248,0.2424,2.61355,BEL,2016,Western Europe,7.751100945,9.345020809,10,8.131481481,10,9.75,9.25,3.875398037,7.066600168,9.377365846,8.201221562,8.102653904,8.987178587,19,7.32,52,8.153589293,27,1
Belize,Latin America and Caribbean,52,5.956,5.71,6.202,0.87616,0.68655,0.45569,0.51231,0.10771,0.23684,3.08039,BLZ,2016,Latin America & the Caribbean,4.268872009,6.666666667,10,9.055,9.5,8.520833333,10,7.015975829,5.137397422,7.204524495,7.050434549,7.883867878,7.430863836,66,6.86,83,7.145431918,64,2
Benin,Sub-Saharan Africa,153,3.484,3.404,3.564,0.39499,0.10419,0.21028,0.39747,0.06681,0.2018,2.10812,BEN,2016,Sub-Saharan Africa,4.129479992,8.031187091,6.666666667,9.413333333,9.5,8.988095238,10,6.182574541,3.822761377,7.013885064,6.02654585,6.85592866,7.496976295,61,5.98,134,6.738488147,90,3
Bhutan,Southern Asia,84,5.196,5.138,5.254,0.8527,0.90836,0.49759,0.46074,0.1616,0.48546,1.82916,BTN,2016,South Asia,5.925574544,8.849427826,5,7.257777778,6,7.25,3.75,7.461619694,6.871067334,6.72091122,6.332537979,7.701471606,6.600972815,96,7.02,73,6.810486407,83,3
Bolivia,Latin America and Caribbean,59,5.822,5.74,5.904,0.79422,0.83779,0.4697,0.50961,0.07746,0.21698,2.91635,BOL,2016,Latin America & the Caribbean,3.051401851,8.437752282,10,8.428148148,6.5,8.416666667,10,6.162804536,3.632945402,9.386300221,6.987042221,4.975270619,7.206770015,73,6.23,123,6.718385007,92,3
Bosnia and Herzegovina,Central and Eastern Europe,87,5.163,5.063,5.263,0.93383,0.64367,0.70766,0.09511,0,0.29889,2.48406,BIH,2016,Eastern Europe,5.470080395,8.941062682,6.666666667,8.515185185,9.5,8.654761905,9.25,5.358630085,4.134907779,8.315905677,7.784776849,7.413612448,7.861447145,47,6.6,98,7.230723572,59,2
Botswana,Sub-Saharan Africa,137,3.974,3.875,4.073,1.09426,0.89186,0.34752,0.44089,0.10769,0.12425,0.96741,BWA,2016,Sub-Saharan Africa,5.641683932,7.161570546,8.333333333,9.008333333,7.5,7.8125,4.25,6.702037586,5.950516249,9.056783223,7.679525354,7.769776873,6.876334453,86,7.43,44,7.153167226,64,2
Brazil,Latin America and Caribbean,17,6.952,6.875,7.029,1.08754,1.03938,0.61415,0.40425,0.14166,0.15776,3.50733,BRA,2016,Latin America & the Caribbean,4.65167253,6.111004095,10,7.411851852,6.5,8.341230646,7.5,5.125270067,4.575175835,7.972060321,7.00029082,4.093309339,6.665977406,94,5.75,144,6.207988703,123,4
Bulgaria,Central and Eastern Europe,129,4.217,4.104,4.33,1.11306,0.92542,0.67806,0.21219,0.00615,0.12793,1.15377,BGR,2016,Eastern Europe,4.891372196,9.846657127,10,7.138888889,9.5,8.821428571,9.25,7.023392636,4.831211352,9.439348667,8.122354972,7.612747996,8.155539077,41,7.41,46,7.782769538,41,1
Burkina Faso,Sub-Saharan Africa,145,3.739,3.647,3.831,0.31995,0.63054,0.21297,0.3337,0.12533,0.24353,1.87319,BFA,2016,Sub-Saharan Africa,4.860574888,8.324656807,8.333333333,8.018888889,7.5,7.738095238,10,5.405461604,3.68765653,7.121433785,6.604145213,7.427553566,7.45533967,63,6.05,129,6.752669835,88,3
Burundi,Sub-Saharan Africa,157,2.905,2.732,3.078,0.06831,0.23442,0.15747,0.0432,0.09419,0.2029,2.10404,BDI,2016,Sub-Saharan Africa,2.961469859,6.826708059,1.666666667,7.468518519,1.5,3.202380952,5.833333333,6.115441176,3.495487069,7.585470702,6.110770149,6.271879255,4.414134427,156,5.92,138,5.167067213,154,4
Cambodia,Southeastern Asia,140,3.907,3.798,4.016,0.55604,0.5375,0.42494,0.58852,0.08092,0.40339,1.31573,KHM,2016,South Asia,2.566741147,9.587538771,10,8.272592593,7.5,7.892857143,8.333333333,7.897866967,4.277906502,9.308534101,7.324052439,7.061529101,7.238448286,72,7.17,64,7.204224143,61,2
Cameroon,Sub-Saharan Africa,114,4.513,4.417,4.609,0.52497,0.62542,0.12698,0.42736,0.06126,0.2268,2.5198,CMR,2016,Sub-Saharan Africa,3.02691825,6.806230146,3.333333333,7.892962963,5.5,6.998575821,5,7.11162798,3.19956054,7.222024204,5.054770561,6.53004744,5.330774311,142,5.82,141,5.575387155,144,4
Canada,North America,6,7.404,7.335,7.473,1.44015,1.0961,0.8276,0.5737,0.31329,0.44834,2.70485,CAN,2016,North America,7.738323946,9.762339236,10,9.003703704,10,9.511904762,9.25,6.024061309,7.875940077,9.579711993,7.929248443,8.514790596,9.151726642,12,7.98,10,8.565863321,5,1
Chad,Sub-Saharan Africa,144,3.763,3.672,3.854,0.42214,0.63178,0.03824,0.12807,0.04952,0.18667,2.30637,TCD,2016,Sub-Saharan Africa,2.900352865,6.264732049,8.333333333,8.158888889,6.5,7.523809524,1.666666667,7.729564033,2.663232022,6.726054551,5.121255567,4.953382356,5.50954107,136,5.44,150,5.474770535,147,4
Chile,Latin America and Caribbean,24,6.705,6.615,6.795,1.2167,0.90587,0.81883,0.37789,0.11451,0.31595,2.95505,CHL,2016,Latin America & the Caribbean,6.516104054,8.979762178,10,9.265925926,10,9.154761905,5,7.880263385,6.42013942,9.331413421,8.268563035,7.098290007,8.216035341,39,7.8,15,8.00801767,32,1
China,Eastern Asia,83,5.245,5.199,5.291,1.0278,0.79381,0.73561,0.44012,0.02745,0.04959,2.17087,CHN,2016,East Asia,4.704818051,7.528647392,3.333333333,3.666296296,1.5,5.174910149,9.25,5.039010659,5.650259343,8.542426794,6.708857694,6.358063353,5.350820339,141,6.46,108,5.905410169,135,4
Colombia,Latin America and Caribbean,31,6.481,6.384,6.578,1.03032,1.02169,0.59659,0.44735,0.05399,0.15626,3.17471,COL,2016,Latin America & the Caribbean,4.422972598,5.452498485,8.333333333,8.740740741,10,8.452380952,10,6.859318215,3.819135946,7.973965074,6.810785115,7.044458518,7.021513273,79,6.5,105,6.760756637,87,3
Costa Rica,Latin America and Caribbean,14,7.087,6.999,7.175,1.06879,1.02152,0.76146,0.55225,0.10547,0.22553,3.35168,CRI,2016,Latin America & the Caribbean,6.626877443,8.412669119,10,8.085185185,9.5,9.595238095,6.875,7.609154834,5.891154675,9.779738252,8.003561874,6.449130777,8.165428969,40,7.55,33,7.857714484,37,1
Croatia,Central and Eastern Europe,74,5.488,5.402,5.574,1.18649,0.60809,0.70524,0.23907,0.04002,0.18434,2.52462,HRV,2016,Eastern Europe,5.700537868,9.860715403,10,8.051481481,9,8.607142857,10,4.68388754,5.479351478,9.136323654,8.188139185,7.287616394,8.456175752,35,6.96,75,7.708087876,44,2
Cyprus,Western Europe,69,5.546,5.442,5.65,1.31857,0.70697,0.8488,0.29507,0.05228,0.27906,2.04497,CYP,2016,Eastern Europe,6.327701936,9.685217644,10,7.159259259,8.5,9.452380952,10,7.31398142,5.937152237,9.489785988,8.283055903,7.547740368,8.514393916,34,7.71,18,8.112196958,30,1
Denmark,Western Europe,1,7.526,7.46,7.592,1.44178,1.16374,0.79504,0.57941,0.44453,0.36171,2.73939,DNK,2016,Western Europe,8.687100828,9.858379683,10,7.702222222,9.5,9.69047619,10,4.134149451,8.077531163,9.863601232,8.461507677,8.320588298,9.325639969,4,7.77,16,8.547819985,6,1
Ecuador,Latin America and Caribbean,51,5.976,5.88,6.072,0.97306,0.85974,0.68613,0.4027,0.18037,0.10074,2.77366,ECU,2016,Latin America & the Caribbean,4.258770863,9.045778617,10,7.803703704,6.5,7.94047619,10,5.666937811,3.809895071,8.254794016,6.499619559,6.046130988,7.550555359,59,6.06,127,6.80527768,83,3
Egypt,Middle East and Northern Africa,120,4.362,4.259,4.465,0.95395,0.49813,0.52116,0.18847,0.10393,0.12706,1.96895,EGY,2016,Middle East & North Africa,3.626147505,5.808027923,1.666666667,3.733333333,3.5,6.46009916,0,6.066836516,3.944015342,8.149666078,5.617447238,4.818902452,3.894553773,158,5.72,147,4.807276886,156,4
El Salvador,Latin America and Caribbean,46,6.068,5.967,6.169,0.8737,0.80975,0.596,0.37269,0.10613,0.08877,3.22134,SLV,2016,Latin America & the Caribbean,4.355099989,6.5,10,9.088888889,8,7.452380952,7.5,8.429051699,3.576272354,9.808378599,7.678362506,6.243651346,6.917901981,83,7.15,67,7.033950991,70,2
Estonia,Central and Eastern Europe,72,5.517,5.437,5.597,1.27964,1.05163,0.68098,0.41511,0.18519,0.08423,1.81985,EST,2016,Eastern Europe,7.801085558,9.574248415,10,8.32962963,9.5,9.619047619,9.25,5.883723858,7.441601876,9.326665307,8.434307747,8.201249995,9.013701218,17,7.86,13,8.436850609,14,1
Ethiopia,Sub-Saharan Africa,115,4.508,4.425,4.591,0.29283,0.37932,0.34578,0.36703,0.1717,0.29522,2.65614,ETH,2016,Sub-Saharan Africa,3.302472672,6.698471607,6.666666667,5.552222222,1.5,5.252983157,6.666666667,6.57126919,4.644365028,5.732983571,5.056479414,6.645060594,5.064089941,150,5.73,146,5.397044971,150,4
Finland,Western Europe,5,7.413,7.351,7.475,1.40598,1.13464,0.81091,0.57104,0.41004,0.25492,2.82596,FIN,2016,Western Europe,8.639248324,9.810964083,10,7.901481481,10,9.666666667,9.25,4.151079924,8.79818106,9.36055112,8.232926712,7.717924071,9.294367917,5,7.65,22,8.472183958,10,1
France,Western Europe,32,6.478,6.397,6.559,1.39488,1.00508,0.83795,0.46562,0.17808,0.1216,2.4744,FRA,2016,Western Europe,6.771264767,9.69446546,10,7.253703704,10,9.25,10,4.220057943,6.922031615,9.480112303,8.178051059,7.458613785,8.766802927,25,7.25,57,8.008401464,32,1
Gabon,Sub-Saharan Africa,134,4.121,4.03,4.212,1.15851,0.72368,0.3494,0.28098,0.09314,0.06244,1.45332,GAB,2016,Sub-Saharan Africa,4.241028336,8.038732871,0,8.944444444,4,6.178571429,3.333333333,6.244963135,3.902531341,6.589812995,5.691934877,6.785844584,5.315575222,144,5.84,140,5.577787611,144,4
Georgia,Central and Eastern Europe,126,4.252,4.164,4.34,0.83792,0.19249,0.64035,0.32461,0.3188,0.06786,1.87031,GEO,2016,Caucasus & Central Asia,5.385816218,8.670315227,8.333333333,7.160740741,8.5,8.630952381,8,7.53387218,6.314021643,9.222802318,8.563136369,8.487127074,7.576535507,58,8.02,7,7.798267753,40,1
Germany,Western Europe,16,6.994,6.93,7.058,1.44787,1.09774,0.81487,0.53466,0.28551,0.30452,2.50931,DEU,2016,Western Europe,8.303209527,9.815587729,10,7.697777778,10,9.357142857,10,5.480871153,7.438694666,9.479673116,8.048442496,7.986439656,9.235191378,9,7.69,20,8.462595689,13,1
Ghana,Sub-Saharan Africa,124,4.276,4.185,4.367,0.63107,0.49353,0.29681,0.40973,0.0326,0.21203,2.2002,GHA,2016,Sub-Saharan Africa,5.747291576,9.008827092,10,8.081481481,7.5,8.75,7.5,7.019694663,5.356873168,6.972844492,6.49437524,7.150996088,7.872177815,46,6.6,98,7.236088908,57,2
Greece,Western Europe,99,5.033,4.935,5.131,1.24886,0.75473,0.80029,0.05822,0.04127,0,2.12944,GRC,2016,Eastern Europe,5.789790663,8.872414211,10,7.324074074,10,8.738095238,6.75,4.379450297,5.778509815,8.037389926,7.678958625,6.434657332,7.94676815,45,6.46,108,7.203384075,61,2
Guatemala,Latin America and Caribbean,39,6.324,6.213,6.435,0.83454,0.87119,0.54039,0.50379,0.08701,0.28808,3.19863,GTM,2016,Latin America & the Caribbean,3.98767717,6.333333333,10,8.47,7.5,7.459933562,6.25,9.52848501,4.382490053,9.557483712,8.19393792,6.55007591,6.548245982,99,7.64,23,7.094122991,66,2
Guinea,Sub-Saharan Africa,151,3.607,3.533,3.681,0.22415,0.3109,0.18829,0.30953,0.1192,0.29914,2.15604,GIN,2016,Sub-Saharan Africa,3.120741098,7.032707727,3.333333333,8.54037037,9,5.788023635,1.666666667,6.54621401,3.227979181,7.944894022,5.07677247,6.875425102,5.371201607,140,5.93,137,5.650600803,141,4
Haiti,Latin America and Caribbean,136,4.028,3.893,4.163,0.34097,0.29561,0.27494,0.12072,0.14476,0.47958,2.37116,HTI,2016,Latin America & the Caribbean,3.582253733,7.75815154,10,8.392222222,10,8.226190476,6.875,8.430694021,2.500470609,7.216129446,7.504084903,6.886282485,7.184442588,74,6.51,104,6.847221294,75,2
Honduras,Latin America and Caribbean,104,4.871,4.75,4.992,0.69429,0.75596,0.58383,0.26755,0.06906,0.2044,2.29551,HND,2016,Latin America & the Caribbean,3.194722841,5.939567336,8.333333333,8.731481481,8.5,7.964285714,7.5,8.532352941,3.435269824,9.2936517,7.217558726,6.824516794,6.386482597,107,7.06,70,6.723241298,92,3
Hong Kong,Eastern Asia,75,5.458,5.362,5.554,1.5107,0.87021,0.95277,0.48079,0.31647,0.40097,0.92614,HKG,2016,East Asia,7.13781731,9.3933455,10,8.592222222,8,8.666666667,9.25,8.588454728,7.916473999,9.568964194,9.32396899,9.439827809,8.583679591,32,8.97,1,8.776839796,3,1
Hungary,Central and Eastern Europe,91,5.145,5.056,5.234,1.24142,0.93164,0.67608,0.1977,0.04472,0.099,1.95473,HUN,2016,Eastern Europe,5.439017665,9.554416221,10,7.284444444,9,8.821428571,10,4.890497079,5.919262708,9.710533115,7.953706122,7.632667959,8.258945773,38,7.22,59,7.739472887,42,2
Iceland,Western Europe,3,7.501,7.333,7.669,1.42666,1.18326,0.86733,0.56624,0.14975,0.47678,2.83137,ISL,2016,Western Europe,7.572814721,9.959940303,10,8.122222222,10,9.630952381,9.25,5.451234737,8.3993485,7.055296849,7.161710811,8.009519936,9.083506216,13,7.22,59,8.151753108,27,1
India,Southern Asia,118,4.404,4.351,4.457,0.74036,0.29247,0.45091,0.40285,0.08722,0.25028,2.18032,IND,2016,South Asia,4.320439849,7.432355452,6.666666667,5.488888889,7,7.921169544,5.5,7.719442848,5.156629041,8.199784181,5.572692843,6.497381642,6.195871335,112,6.63,96,6.412935668,110,3
Indonesia,Southeastern Asia,79,5.314,5.237,5.391,0.95104,0.87625,0.49374,0.39237,0.00322,0.56521,2.03171,IDN,2016,South Asia,4.077098305,8.930331429,6.666666667,3.854074074,7,7.523809524,6.25,7.81093993,4.883138286,9.683353617,6.997110677,6.429415347,6.38131246,108,7.16,65,6.77065623,85,3
Iran,Middle East and Northern Africa,105,4.813,4.703,4.923,1.11758,0.38857,0.64232,0.22544,0.0557,0.38538,1.99817,IRN,2016,Middle East & North Africa,4.375717373,7.102284246,0,4.271851852,4,5.357636552,3,6.875951675,4.577433516,8.431335572,4.592143712,5.670160645,4.532449245,154,6.03,130,5.281224623,153,4
Iraq,Middle East and Northern Africa,112,4.575,4.446,4.704,1.07474,0.59205,0.51076,0.24856,0.13636,0.19589,1.81657,IRQ,2016,Middle East & North Africa,2.464387305,3.96385016,0,5.327777778,4.5,5.261904762,0,5.248190078,2.774515098,7.258295299,5.239557906,6.475279949,3.11602762,160,5.4,152,4.25801381,159,4
Ireland,Western Europe,19,6.907,6.836,6.978,1.48341,1.16157,0.81455,0.54008,0.29754,0.44963,2.15988,IRL,2016,Western Europe,7.614721658,9.708610774,10,9.082962963,7.5,9.5,10,6.312110986,7.720957247,9.255335231,8.599206441,8.46591351,8.939129404,21,8.07,5,8.504564702,8,1
Israel,Middle East and Northern Africa,11,7.267,7.199,7.335,1.33766,0.99537,0.84917,0.36432,0.08728,0.32288,3.31029,ISR,2016,Middle East & North Africa,6.790677923,9.170163569,1.666666667,5.931481481,10,7.948909543,10,6.252382111,6.158069038,9.399942105,8.211971513,7.411094704,7.544916142,60,7.49,38,7.517458071,49,2
Italy,Western Europe,50,5.977,5.898,6.056,1.35495,1.04167,0.85102,0.18827,0.02556,0.16684,2.34918,ITA,2016,Western Europe,6.503838352,9.909671786,10,8.049259259,9.5,9.071428571,9.25,5.44787404,5.709202635,9.438703624,8.250625682,7.485950008,8.690446317,30,7.27,54,7.980223159,34,1
Jamaica,Latin America and Caribbean,73,5.51,5.315,5.705,0.89333,0.96372,0.59469,0.43597,0.04294,0.22245,2.35682,JAM,2016,Latin America & the Caribbean,5.403823101,6.5,8.333333333,9.305555556,9.5,9.535714286,6.25,7.430473655,5.07420081,8.592263953,6.859851664,7.958677586,7.268416093,70,7.18,62,7.224208046,60,2
Japan,Eastern Asia,53,5.921,5.85,5.992,1.38007,1.06054,0.91491,0.46761,0.18985,0.10224,1.80584,JPN,2016,East Asia,7.643490079,9.678364609,10,8.092592593,7.5,9.19047619,9.25,4.535267724,7.586986576,9.524658793,7.495838941,8.19699977,8.73377055,29,7.47,41,8.101885275,31,1
Jordan,Middle East and Northern Africa,80,5.303,5.187,5.419,0.99673,0.86216,0.60712,0.36023,0.13297,0.14262,2.20142,JOR,2016,Middle East & North Africa,5.798807684,7.984281664,6.666666667,6.333703704,5,6.595238095,3.333333333,7.586859201,4.756454971,9.618102308,7.579245331,7.771994872,6.238666517,111,7.46,42,6.849333258,75,2
Kazakhstan,Central and Eastern Europe,54,5.919,5.837,6.001,1.22943,0.95544,0.57386,0.4052,0.11132,0.15011,2.49325,KAZ,2016,Caucasus & Central Asia,4.537932016,9.005172166,5,5.508888889,4,6.140106103,9.25,7.513578869,5.44835482,8.551346498,6.522959426,7.538105028,6.375675545,109,7.11,69,6.742837772,90,3
Kenya,Sub-Saharan Africa,122,4.356,4.259,4.453,0.52267,0.7624,0.30147,0.40576,0.06686,0.41328,1.88326,KEN,2016,Sub-Saharan Africa,3.953814707,7.142406129,6.666666667,7.214814815,7,8.333333333,7.5,7.821194755,4.913284598,9.21911917,6.685544813,7.364484937,6.44553669,102,7.2,61,6.822768345,82,2
Kuwait,Middle East and Northern Africa,41,6.239,6.154,6.324,1.61714,0.87758,0.63569,0.43166,0.23669,0.15965,2.28085,KWT,2016,Middle East & North Africa,5.222398432,8.189148143,5,4.645925926,4,7.464285714,1.666666667,6.23731806,4.922444725,8.342265724,6.840410269,7.430758483,5.630574474,133,6.75,90,6.190287237,124,4
Laos,Southeastern Asia,102,4.876,4.742,5.01,0.68042,0.5497,0.38291,0.52168,0.22423,0.43079,2.08637,LAO,2016,South Asia,3.953482175,8.303656159,5,6.731111111,0.5,5.761904762,10,7.840112728,5.93720088,7.335898763,6.830397459,6.590032884,5.863586171,127,6.91,81,6.386793085,113,3
Latvia,Central and Eastern Europe,68,5.56,5.486,5.634,1.21788,0.95025,0.63952,0.27996,0.0889,0.17445,2.20859,LVA,2016,Eastern Europe,6.681684163,9.551688703,10,8.546296296,10,9.380952381,10,6.653293105,6.196792987,9.323349908,8.350138737,7.661097526,8.851068084,22,7.64,23,8.245534042,23,1
Lebanon,Middle East and Northern Africa,93,5.129,5.031,5.227,1.12268,0.64184,0.76171,0.26228,0.03061,0.23693,2.07339,LBN,2016,Middle East & North Africa,4.339724004,7.599723612,6.666666667,7.153703704,9,8.297619048,3.333333333,8.668506808,3.954385717,9.694505034,6.815739369,5.825303663,6.429994179,104,6.99,74,6.70999709,95,3
Liberia,Sub-Saharan Africa,150,3.622,3.463,3.781,0.10706,0.50353,0.23165,0.25748,0.04852,0.24063,2.23284,LBR,2016,Sub-Saharan Africa,3.786012471,8.202872283,6.666666667,9.207777778,7,7.208333333,4.166666667,7.364113374,4.186922888,9.362209474,6.188037156,5.696074829,6.403401744,105,6.56,100,6.481700872,106,3
Libya,Middle East and Northern Africa,67,5.615,5.406,5.824,1.06688,0.95076,0.52304,0.40672,0.10339,0.17087,2.39374,LBY,2016,Middle East & North Africa,2.198017505,5.27726086,5,6.938888889,2.5,4.845238095,0.833333333,4.75,3.206338892,5.659898222,4.76377485,5.301138017,3.880565623,159,4.74,161,4.310282812,158,4
Lithuania,Central and Eastern Europe,60,5.813,5.734,5.892,1.2692,1.06411,0.64674,0.18929,0.0182,0.02025,2.60525,LTU,2016,Eastern Europe,6.79590086,9.300417808,10,8.472592593,10,9.5,10,7.233303802,6.499517474,9.340337377,8.191708434,8.035642881,8.821338926,24,7.86,13,8.340669463,20,1
Luxembourg,Western Europe,20,6.871,6.804,6.938,1.69752,1.03999,0.84542,0.5487,0.35329,0.27571,2.11055,LUX,2016,Western Europe,7.897751196,9.904131225,10,9.140740741,10,9.678571429,9.25,4.169356156,8.350836767,9.310500088,8.309030967,7.870923216,9.257401822,7,7.6,25,8.428700911,15,1
Macedonia,Central and Eastern Europe,95,5.121,5.017,5.225,1.0193,0.78236,0.64738,0.27668,0.07047,0.23507,2.08947,MKD,2016,Eastern Europe,4.994404463,8.621539803,6.666666667,8.334814815,8,7.845238095,9.25,6.278313623,5.070281017,8.131423715,7.956208009,8.201781057,7.413658024,67,7.13,68,7.271829012,56,2
Madagascar,Sub-Saharan Africa,148,3.695,3.621,3.769,0.27954,0.46115,0.37109,0.13684,0.07506,0.2204,2.15075,MDG,2016,Sub-Saharan Africa,3.613214977,8.201458953,10,7.540740741,5.5,8.273809524,7.5,7.701839237,2.789804983,7.895528282,6.704622081,5.834452003,6.835123509,88,6.19,126,6.512561755,103,3
Malawi,Sub-Saharan Africa,132,4.156,4.041,4.271,0.08709,0.147,0.29364,0.4143,0.07564,0.30968,2.82859,MWI,2016,Sub-Saharan Africa,4.922643465,8.768905416,8.333333333,8.532777778,8,7.8125,7.5,6.058152642,4.673626155,6.723936391,6.076899619,5.759673978,7.445213609,65,5.86,139,6.652606805,97,3
Malaysia,Southeastern Asia,47,6.005,5.921,6.089,1.25142,0.88025,0.62366,0.39031,0.09081,0.41474,2.35384,MYS,2016,South Asia,5.42152405,8.599348146,5,3.93,4,6.797619048,4.25,6.86283807,5.760370476,5.792303901,7.537110669,8.622790943,5.902979954,126,6.92,79,6.411489977,110,3
Mali,Sub-Saharan Africa,135,4.073,3.988,4.158,0.31292,0.86333,0.16347,0.27544,0.13647,0.21064,2.11087,MLI,2016,Sub-Saharan Africa,3.930245651,5.391779112,8.333333333,8.601851852,7.5,7.869047619,5,4.943583748,3.458599238,7.2042189,6.874991085,6.531318665,6.060929471,119,5.8,143,5.930464736,134,4
Malta,Western Europe,30,6.488,6.409,6.567,1.30782,1.09879,0.80315,0.54994,0.17554,0.56237,1.99032,MLT,2016,Western Europe,6.880670013,9.875277508,10,8.44962963,10,9.44047619,10,5.917352957,6.64958271,9.481213334,8.421271575,8.167028374,8.977997462,20,7.73,17,8.353998731,19,1
Mauritania,Sub-Saharan Africa,130,4.201,4.127,4.275,0.61391,0.84142,0.28639,0.1268,0.17955,0.22686,1.9263,MRT,2016,Sub-Saharan Africa,3.93386056,5.818886343,8.333333333,5.661111111,5.5,6.001186054,0,5.329411765,3.72380883,8.099707313,5.939447829,6.712624203,4.987749776,151,5.96,136,5.473874888,147,4
Mauritius,Sub-Saharan Africa,66,5.648,5.507,5.789,1.14372,0.75695,0.66189,0.46145,0.05203,0.36951,2.20223,MUS,2016,Sub-Saharan Africa,6.446820269,9.201518449,6.666666667,8.03,9,9.357142857,5,7.510213253,6.764334254,9.587632401,8.425298409,7.747574312,7.717465632,52,8.01,8,7.863732816,37,1
Mexico,Latin America and Caribbean,21,6.778,6.68,6.876,1.11508,0.7146,0.71143,0.37709,0.18355,0.11735,3.55906,MEX,2016,Latin America & the Caribbean,3.922635286,6.041886151,10,7.568888889,8.5,6.980011483,10,7.915761741,4.127169241,8.106594619,7.259592913,7.109701358,6.796020397,89,6.9,82,6.848010198,75,2
Moldova,Central and Eastern Europe,55,5.897,5.823,5.971,0.69177,0.83132,0.52309,0.25202,0.01903,0.19997,3.38007,MDA,2016,Eastern Europe,4.451422898,8.685224302,8.333333333,6.046296296,6,7.369047619,10,6.499386736,4.337326557,7.98337132,7.458865245,6.905421487,7.059029525,76,6.64,95,6.849514762,75,2
Mongolia,Eastern Asia,101,4.907,4.838,4.976,0.98853,1.08983,0.55469,0.35972,0.03285,0.34539,1.53586,MNG,2016,East Asia,5.251542395,8.912543798,10,8.584814815,8.5,8.238095238,9.25,7.999648709,5.554938942,9.38778724,6.780282764,7.2582965,7.998312553,43,7.4,48,7.699156277,45,2
Montenegro,Central and Eastern Europe,88,5.161,5.055,5.267,1.07838,0.74173,0.63533,0.15111,0.12721,0.17191,2.25531,MNE,2016,Eastern Europe,5.103067796,8.858876513,10,8.887777778,8.5,5.229166667,9,6.926470588,4.923546896,8.267822773,8.161279127,6.938460069,7.630104133,56,7.04,72,7.335052066,52,2
Morocco,Middle East and Northern Africa,90,5.151,5.058,5.244,0.84058,0.38595,0.59471,0.25646,0.08404,0.04053,2.94891,MAR,2016,Middle East & North Africa,4.19917084,8.390437218,8.333333333,4.429259259,5,7.297619048,3.333333333,5.930876255,5.401407689,7.216671133,6.931294938,6.350932975,5.986756512,124,6.37,115,6.178378256,127,4
Myanmar,Southeastern Asia,119,4.395,4.327,4.463,0.34112,0.69981,0.3988,0.42692,0.20243,0.81971,1.50655,MMR,2016,South Asia,2.976381536,8.103918555,1.666666667,6.346296296,7,7.544895499,4.375,6.297058824,3.545876002,6.480574507,4.967560927,5.807434505,5.463360869,139,5.42,151,5.441680434,149,4
Namibia,Sub-Saharan Africa,113,4.574,4.374,4.774,0.93287,0.70362,0.34745,0.48614,0.10398,0.07795,1.92198,NAM,2016,Sub-Saharan Africa,5.796621702,6.992669937,10,8.725925926,7,8.25,8,5.284715285,6.437481728,6.141285904,6.355514643,7.757162078,7.394915502,68,6.4,113,6.897457751,74,2
Nepal,Southern Asia,107,4.793,4.698,4.888,0.44626,0.69699,0.50073,0.37012,0.07008,0.3816,2.32694,NPL,2016,South Asia,4.300731416,9.256317317,8.333333333,5.187777778,5,6.702380952,10,7.916691709,4.608534674,6.43556234,6.635041574,7.05139505,6.91161139,85,6.53,102,6.720805695,92,3
Netherlands,Western Europe,7,7.339,7.284,7.394,1.46468,1.02912,0.81231,0.55211,0.29927,0.47416,2.70749,NLD,2016,Western Europe,8.524550809,9.922564664,10,8.894444444,10,9.726190476,9.25,3.933138933,8.160260143,9.503556089,8.657087014,8.272654841,9.39884236,1,7.71,18,8.55442118,6,1
New Zealand,Australia and New Zealand,8,7.334,7.264,7.404,1.36066,1.17278,0.83096,0.58147,0.41904,0.49401,2.47553,NZL,2016,Oceania,7.868546129,9.868614098,10,9.731481481,10,9.523809524,9.25,6.476854205,8.715280315,9.455371519,8.635970884,9.159782185,9.284819157,6,8.49,3,8.887409579,1,1
Nicaragua,Latin America and Caribbean,48,5.992,5.877,6.107,0.69384,0.89521,0.65213,0.46582,0.16292,0.29773,2.82428,NIC,2016,Latin America & the Caribbean,3.767066422,8.295494493,8.333333333,7.912592593,4,7.047619048,6.875,7.990441176,4.450667177,9.100671988,7.81743925,7.002229453,6.432494726,103,7.27,54,6.851247363,75,2
Niger,Sub-Saharan Africa,142,3.856,3.781,3.931,0.1327,0.6053,0.26162,0.38041,0.17176,0.2097,2.09469,NER,2016,Sub-Saharan Africa,4.150643838,6.914378347,6.666666667,7.804074074,5.5,5.345238095,4.166666667,6.844368088,3.659423094,7.016807914,5.485204757,7.058349425,5.714520097,129,6.01,131,5.862260048,137,4
Nigeria,Sub-Saharan Africa,103,4.875,4.75,5,0.75216,0.64498,0.05108,0.27854,0.0305,0.23219,2.88586,NGA,2016,Sub-Saharan Africa,4.327010052,5.166301919,6.666666667,7.327777778,9,8.175114352,3.333333333,7.086182942,3.603779382,7.46087942,5.90423347,7.56483519,5.823617206,128,6.32,118,6.071808603,132,4
Norway,Western Europe,4,7.498,7.421,7.575,1.57744,1.1269,0.79579,0.59609,0.35776,0.37895,2.66465,NOR,2016,Western Europe,8.556487979,9.93142597,10,7.407407407,10,9.797619048,10,4.49513252,8.67833928,9.499277343,7.587806425,7.733422163,9.342481133,2,7.6,25,8.471240566,10,1
Pakistan,Southern Asia,92,5.132,5.038,5.226,0.68816,0.26135,0.40306,0.14622,0.1388,0.31185,3.18286,PAK,2016,South Asia,3.50506934,6.242516773,5,4.039259259,9,7.087699939,3.75,7.836437068,3.463300254,6.593266,5.826842798,6.290954337,5.324592448,143,6,132,5.662296224,140,4
Panama,Latin America and Caribbean,25,6.701,6.601,6.801,1.18306,0.98912,0.70835,0.48927,0.08423,0.2418,3.00559,PAN,2016,Latin America & the Caribbean,4.385538748,8.710721255,10,8.361111111,8.5,8.300639622,9.25,7.363229284,5.241776593,9.696805181,8.696830031,6.902737679,7.715240074,53,7.58,27,7.647620037,46,2
Paraguay,Latin America and Caribbean,70,5.538,5.453,5.623,0.89373,1.11111,0.58295,0.46235,0.07396,0.25296,2.16091,PRY,2016,Latin America & the Caribbean,4.108065759,7.834983075,8.333333333,8.174074074,7.5,8.380952381,7.5,8.184618864,3.840887889,9.28268472,7.28151234,6.144909202,6.974598187,80,6.95,76,6.962299094,72,2
Peru,Latin America and Caribbean,64,5.743,5.647,5.839,0.99602,0.81255,0.62994,0.37502,0.05292,0.14527,2.73117,PER,2016,Latin America & the Caribbean,4.715843781,8.245018486,10,8.225555556,9,8.205155728,9.375,6.97963564,4.765645671,9.704537846,8.226085566,7.488683492,7.720786695,51,7.43,44,7.575393347,47,2
Philippines,Southeastern Asia,82,5.279,5.16,5.398,0.81217,0.87877,0.47036,0.54854,0.11757,0.21674,2.23484,PHL,2016,South Asia,3.436584998,6.842192772,8.333333333,8.490740741,8,8.204248444,6.25,8.498841962,4.27826495,9.422637738,7.127270701,7.369833084,6.497526694,100,7.34,49,6.918763347,73,2
Poland,Central and Eastern Europe,57,5.835,5.749,5.921,1.24585,1.04685,0.69058,0.4519,0.055,0.14443,2.20035,POL,2016,Eastern Europe,6.382863045,9.743629357,10,6.345925926,9,8.619047619,9.25,5.624382422,5.559009928,9.647930249,7.913406255,7.586252704,8.353120455,36,7.27,54,7.811560227,39,1
Portugal,Western Europe,94,5.123,5.03,5.216,1.27607,0.94367,0.79363,0.44727,0.01521,0.11691,1.53015,PRT,2016,Western Europe,7.165608272,9.915208954,10,9.425555556,9.5,9.55952381,9.25,5.659946793,6.979123572,9.350852752,8.376487219,7.184642765,9.043712243,14,7.51,36,8.276856122,22,1
Qatar,Middle East and Northern Africa,36,6.375,6.178,6.572,1.82427,0.87964,0.71723,0.56679,0.48049,0.32388,1.58224,QAT,2016,Middle East & North Africa,6.54629556,8.560572432,3.333333333,4.690740741,2.5,6.964285714,0,6.537882662,6.235291357,8.679786673,7.648646029,8.336798605,5.525552977,134,7.49,38,6.507776488,103,3
Romania,Central and Eastern Europe,71,5.528,5.427,5.629,1.1697,0.72803,0.67602,0.36712,0.00679,0.12889,2.45184,ROU,2016,Eastern Europe,6.328473866,9.833493166,10,7.877407407,10,9,9.25,6.833639275,6.040355698,9.34147173,8.441503074,7.77671259,8.653232499,31,7.69,20,8.171616249,24,1
Russia,Central and Eastern Europe,56,5.856,5.789,5.923,1.23228,1.05261,0.58991,0.32682,0.03586,0.02736,2.59115,RUS,2016,Eastern Europe,3.995194231,7.531731593,3.333333333,4.596296296,5,6.146872462,9.25,6.712471159,4.962398878,9.103570417,6.838571472,6.534637242,5.714381665,130,6.83,87,6.272190833,119,3
Rwanda,Sub-Saharan Africa,152,3.515,3.444,3.586,0.32846,0.61586,0.31865,0.5432,0.50521,0.23552,0.96819,RWA,2016,Sub-Saharan Africa,5.282069945,8.534642873,6.666666667,6.04037037,2,6.261904762,9.166666667,5.716995447,7.164967817,9.345718853,7.015027267,8.163310486,6.467739051,101,7.48,40,6.973869526,71,2
Saudi Arabia,Middle East and Northern Africa,34,6.379,6.287,6.471,1.48953,0.84829,0.59267,0.37904,0.30008,0.15457,2.61482,SAU,2016,Middle East & North Africa,5.914095317,7.442087098,0,3.214814815,2,5.782049842,0,5.35,5.186017585,9.020731753,5.900602321,7.139502889,4.438732069,155,6.52,103,5.479366035,146,4
Senegal,Sub-Saharan Africa,128,4.219,4.151,4.287,0.44314,0.77416,0.40457,0.31056,0.11681,0.19103,1.97861,SEN,2016,Sub-Saharan Africa,4.682384661,7.83881086,6.666666667,9.022222222,10,8.25,2.5,6.830535435,4.252700728,7.198889674,6.665037837,6.152968394,6.774187769,91,6.22,125,6.497093885,105,3
Serbia,Central and Eastern Europe,86,5.177,5.083,5.271,1.03437,0.81329,0.6458,0.15718,0.04339,0.20737,2.27539,SRB,2016,Eastern Europe,4.399686544,9.369652604,10,8.27037037,8,8.535714286,9.25,6.40835403,4.945954676,8.1473235,7.601756185,7.154502067,7.847943252,48,6.85,84,7.348971626,51,2
Sierra Leone,Sub-Saharan Africa,111,4.635,4.505,4.765,0.36485,0.628,0,0.30685,0.08196,0.23897,3.01402,SLE,2016,Sub-Saharan Africa,3.925095991,8.068540618,8.333333333,8.453333333,8,7.25,8.333333333,7.017647059,3.993543765,6.943524415,6.057269406,4.719437962,7.044659152,77,5.75,144,6.397329576,112,3
Singapore,Southeastern Asia,22,6.739,6.674,6.804,1.64555,0.86758,0.94719,0.4877,0.46987,0.32706,1.99375,SGP,2016,South Asia,7.683405599,9.401703386,8.333333333,6.114814815,3.5,6.133315738,8,7.919425783,8.22709857,9.761728956,9.291176661,8.980598133,7.479423635,62,8.84,2,8.159711817,25,1
Slovenia,Central and Eastern Europe,63,5.768,5.683,5.853,1.29947,1.05613,0.79151,0.53164,0.03635,0.25738,1.79522,SVN,2016,Eastern Europe,6.450622608,9.769114688,10,9,10,9.428571429,9.25,4.776774916,6.217592011,9.518350807,7.884030176,6.845229897,8.822791467,23,7.05,71,7.936395733,35,1
South Africa,Sub-Saharan Africa,116,4.459,4.371,4.547,1.02416,0.96053,0.18611,0.42483,0.08415,0.13656,1.64227,ZAF,2016,Sub-Saharan Africa,5.728137568,6.0446062,10,9.364814815,10,8.904761905,9.25,6.04383421,5.185801311,8.08193844,6.777461423,7.1682772,7.695143614,55,6.65,94,7.172571807,63,2
Spain,Western Europe,37,6.361,6.288,6.434,1.34253,1.12945,0.87896,0.37545,0.06137,0.17665,2.39663,ESP,2016,Western Europe,7.01186382,9.636610285,10,7.996666667,9.5,9.214285714,9.25,6.019536903,6.803471355,9.488977918,8.050140688,7.426611809,8.758213764,27,7.56,30,8.159106882,25,1
Sri Lanka,Southern Asia,117,4.415,4.322,4.508,0.97318,0.84783,0.62007,0.50817,0.07964,0.46978,0.91681,LKA,2016,South Asia,4.518644917,8.436581039,6.666666667,6.876296296,5.5,7.226190476,1.75,8.26106118,4.926880553,6.494747822,5.891036906,6.884430365,6.040721833,121,6.49,106,6.265360917,119,3
Sudan,Sub-Saharan Africa,133,4.139,3.928,4.35,0.63069,0.81928,0.29759,0,0.10039,0.18077,2.10995,SDN,2016,Sub-Saharan Africa,3.163435126,5.548563081,5,6.49,3.5,5.69047619,0,9.441176471,2.985519957,5.530823658,2.877140582,5.942255355,4.246047171,157,5.36,153,4.803023585,157,4
Suriname,Latin America and Caribbean,40,6.269,6.073,6.465,1.09686,0.77866,0.50933,0.52234,0.12692,0.16665,3.06852,SUR,2016,Latin America & the Caribbean,4.930395401,7.220384563,10,9.486111111,9.5,8.520833333,10,7.10869573,5.21644612,5.995025905,7.204704436,6.267198877,7.788563046,50,6.36,116,7.074281523,67,2
Sweden,Western Europe,10,7.291,7.227,7.355,1.45181,1.08764,0.83121,0.58218,0.40867,0.38254,2.54734,SWE,2016,Western Europe,8.539644459,9.854954616,10,8.884814815,10,9.726190476,8.75,3.620602928,7.816366289,9.34256119,8.198228523,8.230154625,9.334750298,3,7.44,43,8.387375149,17,1
Switzerland,Western Europe,2,7.509,7.428,7.59,1.52733,1.14524,0.86303,0.58557,0.41203,0.28083,2.69463,CHE,2016,Western Europe,8.249290426,9.650707897,10,8.188518519,10,9.666666667,9.25,7.42556634,8.497326383,9.922186836,7.636967263,8.475246512,9.185518099,10,8.39,4,8.78775905,2,1
Syria,Middle East and Northern Africa,156,3.069,2.936,3.202,0.74719,0.14866,0.62994,0.06912,0.17233,0.48397,0.81789,SYR,2016,Middle East & North Africa,1.980355364,4.984072935,0,4.405555556,1.5,1.758817876,0,6.196670228,3.444509203,5.11957662,4.912573675,5.444444842,2.511653754,161,5.02,157,3.765826877,162,4
Taiwan,Eastern Asia,34,6.379,6.305,6.453,1.39729,0.92624,0.79565,0.32377,0.0663,0.25495,2.61523,TWN,2016,East Asia,6.98399638,9.724331089,10,9.357407407,10,9.285714286,10,7.206125318,6.772497404,9.717084408,7.729709837,8.034407747,9.041394037,15,7.89,12,8.465697018,10,1
Tajikistan,Central and Eastern Europe,100,4.996,4.923,5.069,0.48835,0.75602,0.53119,0.43408,0.13509,0.25998,2.39106,TJK,2016,Caucasus & Central Asia,3.297263673,8.393621945,8.333333333,4.355555556,2,4.273809524,8.333333333,6.526173139,5.124943241,8.831414728,6.362292909,6.769223369,5.652324579,132,6.72,92,6.18616229,124,4
Tanzania,Sub-Saharan Africa,149,3.666,3.561,3.771,0.47155,0.77623,0.357,0.3176,0.05099,0.31472,1.37769,TZA,2016,Sub-Saharan Africa,4.244131053,7.349099273,8.333333333,6.447777778,5,7.5,5,7.314762736,5.659837689,8.221423469,6.2063089,7.208976699,6.126418693,116,6.92,79,6.523209346,102,3
Thailand,Southeastern Asia,33,6.474,6.396,6.552,1.0893,1.04477,0.64915,0.49553,0.02833,0.58696,2.5796,THA,2016,South Asia,4.286364947,8.66305117,8.333333333,7.255925926,4.5,7.15782646,4.375,6.642645685,4.741393669,8.637097548,7.108491873,7.100074303,6.399562601,106,6.85,84,6.624781301,98,3
Togo,Sub-Saharan Africa,155,3.303,3.192,3.414,0.28123,0,0.24811,0.34678,0.11587,0.17517,2.1354,TGO,2016,Sub-Saharan Africa,4.083063827,8.033344298,6.666666667,8.877407407,8,8.464285714,5,6.71990382,3.675637715,7.027928927,5.419145767,6.27724085,6.72993801,92,5.82,141,6.274969005,119,3
Trinidad and Tobago,Latin America and Caribbean,43,6.168,5.95,6.386,1.32572,0.98569,0.52608,0.48453,0.01241,0.31935,2.51394,TTO,2016,Latin America & the Caribbean,4.731368885,5.944444444,10,8.616111111,8.5,8.729166667,6.666666667,5.595294029,4.542519459,9.051274803,7.841115334,6.61549302,6.920446388,82,6.73,91,6.825223194,81,2
Tunisia,Middle East and Northern Africa,98,5.045,4.965,5.125,0.97724,0.43165,0.59577,0.23553,0.0817,0.03936,2.68413,TUN,2016,Middle East & North Africa,4.757803695,7.562090498,8.333333333,6.457407407,8,8.017579553,4.166666667,5.805729204,5.276037704,7.061833002,6.911721762,6.389315893,6.577472244,98,6.29,121,6.433736122,109,3
Turkey,Middle East and Northern Africa,78,5.389,5.295,5.483,1.16492,0.87717,0.64718,0.23889,0.12348,0.04707,2.29074,TUR,2016,Middle East & North Africa,3.974523246,7.51287008,10,4.494074074,4.5,3.962095697,9.25,6.576429967,4.778738645,9.012961525,7.217832757,6.629945973,6.092465309,118,6.84,86,6.466232654,107,3
Uganda,Sub-Saharan Africa,145,3.739,3.629,3.849,0.34719,0.90981,0.19625,0.43653,0.06442,0.27102,1.51416,UGA,2016,Sub-Saharan Africa,3.363040892,7.002780033,8.333333333,8.398148148,7,7.892857143,3.75,8.2875,4.730399908,8.647257101,7.453716468,7.952857152,6.128889094,115,7.41,46,6.769444547,85,3
Ukraine,Central and Eastern Europe,123,4.324,4.236,4.412,0.87287,1.01413,0.58628,0.12859,0.01829,0.20363,1.50066,UKR,2016,Eastern Europe,4.546373559,7.382567982,8.333333333,5.857777778,5.5,7.099239115,9.25,7.085854562,4.519291988,4.880977321,6.558300939,6.863745425,6.586270408,97,5.98,134,6.283135204,118,3
United Arab Emirates,Middle East and Northern Africa,28,6.573,6.494,6.652,1.57352,0.87114,0.72993,0.56215,0.35561,0.26591,2.21507,ARE,2016,Middle East & North Africa,6.365951177,7.991936297,3.333333333,4.695925926,0.5,6.30952381,0,6.722602587,6.057111609,9.103967524,8.231247009,7.384832458,5.073350176,149,7.5,37,6.286675088,117,3
United Kingdom,Western Europe,23,6.725,6.647,6.803,1.40283,1.08672,0.80991,0.50036,0.27399,0.50156,2.14999,GBR,2016,Western Europe,7.716556989,9.832564275,10,7.585555556,10,9.25,9.25,5.664386473,7.849331943,9.843565028,8.439080331,8.225900955,8.995835872,18,8,9,8.497917936,8,1
United States,North America,13,7.104,7.02,7.188,1.50796,1.04782,0.779,0.48163,0.14868,0.41077,2.72782,USA,2016,North America,6.949911658,9.101098169,10,8.854074074,10,9.241503522,9.25,6.426333682,7.396209007,9.84787425,7.653328354,8.827599714,8.747310216,28,8.03,6,8.388655108,17,1
Uruguay,Latin America and Caribbean,29,6.545,6.456,6.634,1.18157,1.03143,0.72183,0.54388,0.21394,0.18056,2.67139,URY,2016,Latin America & the Caribbean,6.641640406,8.408217822,10,8.47962963,7.5,9.357142857,10,6.839554695,5.362794124,8.971845842,7.793198184,6.815292504,8.296141806,37,7.16,65,7.728070903,43,2
Venezuela,Latin America and Caribbean,44,6.084,5.973,6.195,1.13367,1.03302,0.61904,0.19847,0.08304,0.0425,2.97468,VEN,2016,Latin America & the Caribbean,2.060257402,6.294475638,8.333333333,6.884814815,6.5,5.109508378,7.5,4.68978402,2.00291539,1.942101065,3.281311445,2.483540144,5.521448913,135,2.88,162,4.200724456,161,4
Vietnam,Southeastern Asia,96,5.061,4.991,5.131,0.74037,0.79117,0.66157,0.55954,0.11556,0.25075,1.9418,VNM,2016,South Asia,4.91207109,8.630880895,3.333333333,5.895925926,1.5,5.843436781,9.25,7.607352941,5.060821486,6.46894336,6.27620744,6.701358455,5.9680076,125,6.42,112,6.1940038,124,4
Zambia,Sub-Saharan Africa,106,4.795,4.645,4.945,0.61202,0.6376,0.23573,0.42662,0.11479,0.17866,2.58991,ZMB,2016,Sub-Saharan Africa,4.115583727,8.282496424,5,7.332777778,5.5,6.765986103,4.166666667,6.064705882,5.333995633,8.262900908,6.97224652,6.412301094,6.007698856,123,6.61,97,6.308849428,116,3
Zimbabwe,Sub-Saharan Africa,131,4.193,4.101,4.285,0.35041,0.71478,0.1595,0.25429,0.08582,0.18503,2.4427,ZWE,2016,Sub-Saharan Africa,3.507598954,7.610858901,5,6.427777778,2.5,6.65,3.333333333,6.146323529,3.750569595,8.298249478,5.56135516,6.547778391,5.170725575,148,6.06,127,5.615362787,143,4
